<keymap version="1" name="Custom" parent="Mac OS X 10.5+">
  <action id="ActivateFavoritesToolWindow" />
  <action id="ChooseRunConfiguration">
    <keyboard-shortcut first-keystroke="ctrl alt r" />
    <keyboard-shortcut first-keystroke="meta t" />
  </action>
  <action id="DuplicatesForm.SendToRight" />
  <action id="FileChooser.GotoProject" />
  <action id="GotoTest" />
  <action id="HideActiveWindow">
    <keyboard-shortcut first-keystroke="shift escape" />
    <keyboard-shortcut first-keystroke="ctrl w" />
  </action>
  <action id="Run">
    <keyboard-shortcut first-keystroke="ctrl r" />
    <keyboard-shortcut first-keystroke="shift meta t" />
  </action>
  <action id="SelectInProjectView">
    <keyboard-shortcut first-keystroke="meta 2" />
  </action>
  <action id="ServiceView.ShowServices" />
  <action id="ShowSettings">
    <keyboard-shortcut first-keystroke="ctrl alt s" />
  </action>
  <action id="SplitHorizontally">
    <keyboard-shortcut first-keystroke="ctrl h" />
  </action>
  <action id="SplitVertically">
    <keyboard-shortcut first-keystroke="ctrl v" />
  </action>
  <action id="TypeHierarchy" />
  <action id="TypeHierarchyBase.BaseOnThisType" />
  <action id="Vcs.QuickListPopupAction" />
  <action id="Vcs.UpdateProject" />
  <action id="ViewMainMenu">
    <keyboard-shortcut first-keystroke="alt s" />
  </action>
</keymap>