<keymap version="1" name="Windows copy" parent="$default">
  <action id="ExpressionTypeInfo" />
  <action id="FileChooser.NewFolder">
    <keyboard-shortcut first-keystroke="alt insert" />
  </action>
  <action id="GotoChangedFile" />
  <action id="GotoClass">
    <keyboard-shortcut first-keystroke="ctrl alt c" />
  </action>
  <action id="GotoFile">
    <keyboard-shortcut first-keystroke="ctrl n" />
  </action>
  <action id="IntroduceConstant" />
  <action id="NewElement">
    <keyboard-shortcut first-keystroke="alt insert" />
    <keyboard-shortcut first-keystroke="shift ctrl n" />
  </action>
  <action id="ShowNavBar">
    <keyboard-shortcut first-keystroke="alt home" />
    <keyboard-shortcut first-keystroke="shift ctrl p" />
  </action>
  <action id="TodoViewGroupByFlattenPackage" />
</keymap>