<keymap version="1" name="Windows copy Proper Redo" parent="$default">
  <action id="$LRU">
    <keyboard-shortcut first-keystroke="ctrl r" />
  </action>
  <action id="$Redo">
    <keyboard-shortcut first-keystroke="shift ctrl z" />
    <keyboard-shortcut first-keystroke="shift alt back_space" />
    <keyboard-shortcut first-keystroke="ctrl y" />
  </action>
  <action id="ActivateTerminalToolWindow">
    <keyboard-shortcut first-keystroke="alt f12" />
    <keyboard-shortcut first-keystroke="ctrl j" />
  </action>
  <action id="ChangesView.ShelveSilently" />
  <action id="Editor LRU">
    <keyboard-shortcut first-keystroke="ctrl r" />
  </action>
  <action id="EditorDeleteLine" />
  <action id="EditorToggleUseSoftWraps">
    <keyboard-shortcut first-keystroke="ctrl e" second-keystroke="w" />
  </action>
  <action id="ExpressionTypeInfo" />
  <action id="FileChooser.NewFolder">
    <keyboard-shortcut first-keystroke="alt insert" />
  </action>
  <action id="FileChooser.TogglePathShowing" />
  <action id="GotoChangedFile" />
  <action id="GotoClass">
    <keyboard-shortcut first-keystroke="ctrl alt c" />
  </action>
  <action id="GotoFile">
    <keyboard-shortcut first-keystroke="ctrl n" />
  </action>
  <action id="InsertLiveTemplate" />
  <action id="IntroduceConstant" />
  <action id="MethodHierarchy" />
  <action id="MethodHierarchy.BaseOnThisMethod" />
  <action id="NewElement">
    <keyboard-shortcut first-keystroke="alt insert" />
    <keyboard-shortcut first-keystroke="shift ctrl n" />
  </action>
  <action id="OpenFile">
    <keyboard-shortcut first-keystroke="ctrl o" />
  </action>
  <action id="OverrideMethods" />
  <action id="ParameterInfo" />
  <action id="RecentFiles" />
  <action id="RenameElement">
    <keyboard-shortcut first-keystroke="shift f6" />
    <keyboard-shortcut first-keystroke="ctrl r" second-keystroke="r" />
  </action>
  <action id="Replace" />
  <action id="ReplaceInPath">
    <keyboard-shortcut first-keystroke="shift ctrl h" />
  </action>
  <action id="ShowNavBar">
    <keyboard-shortcut first-keystroke="ctrl p" />
  </action>
  <action id="ShowSettings">
    <keyboard-shortcut first-keystroke="ctrl comma" />
  </action>
  <action id="SwitcherIterateItems" />
  <action id="SwitcherRecentEditedChangedToggleCheckBox" />
  <action id="TodoViewGroupByFlattenPackage" />
  <action id="Vcs.ShowMessageHistory">
    <keyboard-shortcut first-keystroke="ctrl m" />
  </action>
  <action id="Vcs.ToggleAmendCommitMode" />
  <action id="ViewMainMenu">
    <keyboard-shortcut first-keystroke="alt m" />
  </action>
</keymap>