<application>
  <component name="FileTypeManager" version="18">
    <extensionMap>
      <mapping pattern="Procfile" type="AUTO_DETECTED" />
      <mapping pattern="WebhookController" type="AUTO_DETECTED" />
      <mapping ext="sqlite" type="AUTO_DETECTED" />
      <mapping ext="api" type="Dockerfile" />
      <mapping ext="stg" type="Dockerfile" />
      <mapping ext="dev" type="Dockerfile" />
      <mapping ext="list" type="PLAIN_TEXT" />
      <mapping ext="neon" type="YAML" />
      <removed_mapping ext="bat" approved="true" type="PLAIN_TEXT" />
      <removed_mapping ext="cmd" approved="true" type="PLAIN_TEXT" />
      <removed_mapping ext="log" approved="true" type="PLAIN_TEXT" />
      <removed_mapping ext="rb" approved="true" type="PLAIN_TEXT" />
    </extensionMap>
  </component>
</application>