<application>
  <component name="FileTypeManager" version="18">
    <extensionMap>
      <mapping pattern="Procfile" type="AUTO_DETECTED" />
      <mapping ext="sqlite" type="AUTO_DETECTED" />
      <mapping ext=".tabnine.model" type="Tabnine project model file" />
      <mapping ext=".tabnine" type="Tabnine project model file" />
      <mapping ext=".model" type="Tabnine project model file" />
      <mapping ext="tabnine" type="Tabnine project model file" />
      <mapping ext="model" type="Tabnine project model file" />
      <removed_mapping ext="bat" approved="true" type="PLAIN_TEXT" />
      <removed_mapping ext="cmd" approved="true" type="PLAIN_TEXT" />
      <removed_mapping ext="log" approved="true" type="PLAIN_TEXT" />
      <removed_mapping ext="rb" approved="true" type="PLAIN_TEXT" />
    </extensionMap>
  </component>
</application>