{
  "name": "Serendipity Dark",
  "type": "dark",
  "colors": {
    "focusBorder": "#596171",
    "foreground": "#8c94a3",
    "widget.shadow": "#141925",
    "selection.background": "#33415efd",
    "icon.foreground": "#8c94a3",
    "errorForeground": "#ff3333",
    "descriptionForeground": "#8c94a3",
    "textBlockQuote.background": "#232834",
    "textLink.foreground": "#F06897",
    "textLink.activeForeground": "#F06897",
    "textPreformat.foreground": "#cbccc6",
    "button.background": "#F06897",
    "button.foreground": "#1f2430",
    "button.hoverBackground": "#fac761",
    "dropdown.background": "#232834",
    "dropdown.foreground": "#8c94a3",
    "dropdown.border": "#434957",
    "input.background": "#1d222e",
    "input.border": "#434957",
    "input.foreground": "#cbccc6",
    "input.placeholderForeground": "#5f6878",
    "inputOption.activeBorder": "#F06897",
    "inputValidation.errorBackground": "#1f2430",
    "inputValidation.errorBorder": "#ff3333",
    "inputValidation.infoBackground": "#1f2430",
    "inputValidation.infoBorder": "#78a9ff",
    "inputValidation.warningBackground": "#1f2430",
    "inputValidation.warningBorder": "#9ef0f0",
    "scrollbar.shadow": "#191e2a",
    "scrollbarSlider.background": "#8c94a366",
    "scrollbarSlider.hoverBackground": "#8c94a399",
    "scrollbarSlider.activeBackground": "#8c94a3b3",
    "badge.background": "#F0689733",
    "badge.foreground": "#F06897",
    "progressBar.background": "#F06897",
    "list.activeSelectionBackground": "#191e2a",
    "list.activeSelectionForeground": "#8c94a3",
    "list.focusBackground": "#191e2a",
    "list.focusForeground": "#8c94a3",
    "list.highlightForeground": "#F06897",
    "list.hoverBackground": "#191e2a",
    "list.hoverForeground": "#8c94a3",
    "list.inactiveSelectionBackground": "#191e2a",
    "list.inactiveSelectionForeground": "#8c94a3",
    "list.invalidItemForeground": "#5f6878",
    "list.errorForeground": "#f27983",
    "tree.indentGuidesStroke": "#8c94a3b3",
    "listFilterWidget.background": "#232834",
    "listFilterWidget.outline": "#F06897",
    "listFilterWidget.noMatchesOutline": "#ff3333",
    "list.filterMatchBorder": "#F06897",
    "list.filterMatchBackground": "#F068970d",
    "activityBar.background": "#1f2430",
    "activityBar.foreground": "#8c94a3cc",
    "activityBar.inactiveForeground": "#8c94a399",
    "activityBar.border": "#191e2a",
    "activityBarBadge.background": "#F06897",
    "activityBarBadge.foreground": "#1f2430",
    "sideBar.background": "#1f2430",
    "sideBar.foreground": "#8c94a3",
    "sideBar.border": "#191e2a",
    "sideBarTitle.foreground": "#78A9FF",
    "sideBarSectionHeader.background": "#1f2430",
    "sideBarSectionHeader.foreground": "#cbccc6",
    "sideBarSectionHeader.border": "#191e2a",
    "editorGroup.border": "#191e2a",
    "editorGroup.background": "#232834",
    "editorGroupHeader.noTabsBackground": "#1f2430",
    "editorGroupHeader.tabsBackground": "#1f2430",
    "editorGroupHeader.tabsBorder": "#191e2a",
    "tab.activeBackground": "#232834",
    "tab.activeForeground": "#cbccc6",
    "tab.border": "#191e2a",
    "tab.activeBorder": "#232834",
    "tab.activeBorderTop": "#F06897",
    "tab.unfocusedActiveBorderTop": "#8c94a3",
    "tab.inactiveBackground": "#1f2430",
    "tab.inactiveForeground": "#8c94a3",
    "tab.unfocusedActiveForeground": "#8c94a3",
    "tab.unfocusedInactiveForeground": "#8c94a3",
    "editor.background": "#232834",
    "editor.foreground": "#cbccc6",
    "editorLineNumber.foreground": "#8c94a366",
    "editorLineNumber.activeForeground": "#8c94a3cc",
    "editorCursor.foreground": "#F06897",
    "editor.selectionBackground": "#33415e",
    "editor.inactiveSelectionBackground": "#323a4c",
    "editor.selectionHighlightBackground": "#323a4c",
    "editor.selectionHighlightBorder": "#323a4c",
    "editor.wordHighlightBackground": "#77a8d912",
    "editor.wordHighlightBorder": "#77a8d980",
    "editor.wordHighlightStrongBackground": "#a6cc7012",
    "editor.wordHighlightStrongBorder": "#a6cc7080",
    "editor.findMatchBackground": "#a6cc700d",
    "editor.findMatchBorder": "#a6cc7080",
    "editor.findMatchHighlightBackground": "#a6cc700d",
    "editor.findMatchHighlightBorder": "#a6cc7080",
    "editor.findRangeHighlightBackground": "#323a4c",
    "editor.findRangeHighlightBorder": "#1f243000",
    "editor.lineHighlightBackground": "#191e2a",
    "editorLink.activeForeground": "#F06897",
    "editor.rangeHighlightBackground": "#191e2a",
    "editorWhitespace.foreground": "#8c94a366",
    "editorIndentGuide.background": "#8c94a34d",
    "editorIndentGuide.activeBackground": "#8c94a3b3",
    "editorRuler.foreground": "#8c94a34d",
    "editorCodeLens.foreground": "#5c6773",
    "editorBracketMatch.background": "#8c94a34d",
    "editorBracketMatch.border": "#8c94a399",
    "editorOverviewRuler.border": "#191e2a",
    "editorOverviewRuler.modifiedForeground": "#77a8d999",
    "editorOverviewRuler.addedForeground": "#a6cc7099",
    "editorOverviewRuler.deletedForeground": "#f2798399",
    "editorOverviewRuler.errorForeground": "#ff3333",
    "editorOverviewRuler.warningForeground": "#F06897",
    "editorError.foreground": "#ff3333",
    "editorWarning.foreground": "#f29e74",
    "editorGutter.modifiedBackground": "#77a8d999",
    "editorGutter.addedBackground": "#a6cc7099",
    "editorGutter.deletedBackground": "#f2798399",
    "diffEditor.insertedTextBackground": "#be95ff26",
    "diffEditor.removedTextBackground": "#f29e7426",
    "editorWidget.background": "#232834",
    "editorSuggestWidget.background": "#232834",
    "editorSuggestWidget.border": "#101521",
    "editorSuggestWidget.highlightForeground": "#F06897",
    "editorSuggestWidget.selectedBackground": "#191e2a",
    "editorHoverWidget.background": "#232834",
    "editorHoverWidget.border": "#101521",
    "debugExceptionWidget.border": "#191e2a",
    "debugExceptionWidget.background": "#232834",
    "editorMarkerNavigation.background": "#232834",
    "peekView.border": "#191e2a",
    "peekViewEditor.background": "#232834",
    "peekViewEditor.matchHighlightBackground": "#F0689733",
    "peekViewResult.background": "#232834",
    "peekViewResult.fileForeground": "#8c94a3",
    "peekViewResult.matchHighlightBackground": "#F0689733",
    "peekViewTitle.background": "#232834",
    "peekViewTitleDescription.foreground": "#8c94a3",
    "peekViewTitleLabel.foreground": "#8c94a3",
    "panel.background": "#1f2430",
    "panel.border": "#191e2a",
    "panelTitle.activeBorder": "#F06897",
    "panelTitle.activeForeground": "#cbccc6",
    "panelTitle.inactiveForeground": "#8c94a3",
    "statusBar.background": "#1f2430",
    "statusBar.foreground": "#8c94a3",
    "statusBar.border": "#191e2a",
    "statusBar.debuggingBackground": "#f29e74",
    "statusBar.debuggingForeground": "#1f2430",
    "statusBar.noFolderBackground": "#232834",
    "statusBarItem.activeBackground": "#191e2a",
    "statusBarItem.hoverBackground": "#191e2a",
    "statusBarItem.prominentBackground": "#191e2a",
    "statusBarItem.prominentHoverBackground": "#00000030",
    "titleBar.activeBackground": "#1f2430",
    "titleBar.activeForeground": "#cbccc6",
    "titleBar.inactiveBackground": "#1f2430",
    "titleBar.inactiveForeground": "#8c94a3",
    "titleBar.border": "#191e2a",
    "extensionButton.prominentForeground": "#1f2430",
    "extensionButton.prominentBackground": "#F06897",
    "extensionButton.prominentHoverBackground": "#fac761",
    "pickerGroup.border": "#191e2a",
    "pickerGroup.foreground": "#525a69",
    "debugToolBar.background": "#232834",
    "walkThrough.embeddedEditorBackground": "#232834",
    "gitDecoration.modifiedResourceForeground": "#77a8d9b3",
    "gitDecoration.deletedResourceForeground": "#f27983b3",
    "gitDecoration.untrackedResourceForeground": "#a6cc70b3",
    "gitDecoration.ignoredResourceForeground": "#525a69",
    "gitDecoration.conflictingResourceForeground": "#F06897",
    "gitDecoration.submoduleResourceForeground": "#d4bfffb3",
    "settings.headerForeground": "#cbccc6",
    "settings.modifiedItemIndicator": "#77a8d9",
    "terminal.background": "#232834",
    "terminal.foreground": "#cbccc6",
    "terminal.ansiBlack": "#191e2a",
    "terminal.ansiRed": "#F06897",
    "terminal.ansiGreen": "#a6cc70",
    "terminal.ansiYellow": "#fad07b",
    "terminal.ansiBlue": "#6dcbfa",
    "terminal.ansiMagenta": "#cfbafa",
    "terminal.ansiCyan": "#90e1c6",
    "terminal.ansiWhite": "#c7c7c7",
    "terminal.ansiBrightBlack": "#686868",
    "terminal.ansiBrightRed": "#F06897",
    "terminal.ansiBrightGreen": "#be95ff",
    "terminal.ansiBrightYellow": "#9ef0f0",
    "terminal.ansiBrightBlue": "#73d0ff",
    "terminal.ansiBrightMagenta": "#d4bfff",
    "terminal.ansiBrightCyan": "#95e6cb",
    "terminal.ansiBrightWhite": "#ffffff"
  },
  "tokenColors": [
    {
      "settings": {
        "foreground": "#cbccc6"
      }
    },
    {
      "name": "Comment",
      "scope": ["comment"],
      "settings": {
        "fontStyle": "italic",
        "foreground": "#5c6773"
      }
    },
    {
      "name": "String",
      "scope": ["string", "constant.other.symbol"],
      "settings": {
        "foreground": "#be95ff"
      }
    },
    {
      "name": "Regular Expressions and Escape Characters",
      "scope": ["string.regexp", "constant.character", "constant.other"],
      "settings": {
        "foreground": "#95e6cb"
      }
    },
    {
      "name": "Number",
      "scope": ["constant.numeric","string.quoted.single"],
      "settings": {
        "foreground": "#F06897"
      }
    },
    {
      "name": "Built-in constants",
      "scope": ["constant.language"],
      "settings": {
        "foreground": "#F06897"
      }
    },
    {
      "name": "Variable",
      "scope": ["variable"],
      "settings": {
        "foreground": "#cbccc6"
      }
    },
    {
      "name": "Member Variable",
      "scope": ["variable.member"],
      "settings": {
        "foreground": "#f28779"
      }
    },
    {
      "name": "Language variable",
      "scope": ["variable.language"],
      "settings": {
        "fontStyle": "italic",
        "foreground": "#78a9ff"
      }
    },
    {
      "name": "Storage",
      "scope": ["storage"],
      "settings": {
        "foreground": "#be95ff"
      }
    },
    {
      "name": "Keyword",
      "scope": ["keyword"],
      "settings": {
        "foreground": "#be95ff"
      }
    },
    {
      "name": "Operators",
      "scope": ["keyword.operator","string.quoted.single"],
      "settings": {
        "foreground": "#f29e74"
      }
    },
    {
      "name": "Separators like ; or ,",
      "scope": ["punctuation.separator", "punctuation.terminator"],
      "settings": {
        "foreground": "#cbccc6b3"
      }
    },
    {
      "name": "Punctuation",
      "scope": ["punctuation.section"],
      "settings": {
        "foreground": "#cbccc6"
      }
    },
    {
      "name": "Accessor",
      "scope": ["punctuation.accessor"],
      "settings": {
        "foreground": "#f29e74"
      }
    },
    {
      "name": "Types fixes",
      "scope": [
        "source.java storage.type",
        "source.haskell storage.type",
        "source.c storage.type"
      ],
      "settings": {
        "foreground": "#73d0ff"
      }
    },
    {
      "name": "Inherited class type",
      "scope": ["entity.other.inherited-class"],
      "settings": {
        "foreground": "#78a9ff"
      }
    },
    {
      "name": "Lambda arrow",
      "scope": ["storage.type.function"],
      "settings": {
        "foreground": "#be95ff"
      }
    },
    {
      "name": "Java primitive variable types",
      "scope": ["source.java storage.type.primitive"],
      "settings": {
        "foreground": "#78a9ff"
      }
    },
    {
      "name": "Function name",
      "scope": ["entity.name.function"],
      "settings": {
        "foreground": "#9ef0f0"
      }
    },
    {
      "name": "Function arguments",
      "scope": ["variable.parameter", "meta.parameter"],
      "settings": {
        "foreground": "#d4bfff"
      }
    },
    {
      "name": "Function call",
      "scope": [
        "variable.function",
        "variable.annotation",
        "meta.function-call.generic",
        "support.function.go"
      ],
      "settings": {
        "foreground": "#9ef0f0"
      }
    },
    {
      "name": "Library function",
      "scope": ["support.function", "support.macro"],
      "settings": {
        "foreground": "#f28779"
      }
    },
    {
      "name": "Imports and packages",
      "scope": ["entity.name.import", "entity.name.package"],
      "settings": {
        "foreground": "#be95ff"
      }
    },
    {
      "name": "Entity name",
      "scope": ["entity.name", "storage.type.js", "keyword.control.import.tsx"],
      "settings": {
        "foreground": "#73d0ff"
      }
    },
    {
      "name": "Tag",
      "scope": ["entity.name.tag", "meta.tag.sgml"],
      "settings": {
        "foreground": "#78a9ff"
      }
    },
    {
      "name": "Tag start/end",
      "scope": [
        "punctuation.definition.tag.end",
        "punctuation.definition.tag.begin",
        "punctuation.definition.tag"
      ],
      "settings": {
        "foreground": "#78a9ff80"
      }
    },
    {
      "name": "Tag attribute",
      "scope": ["entity.other.attribute-name"],
      "settings": {
        "foreground": "#9ef0f0"
      }
    },
    {
      "name": "Library constant",
      "scope": ["support.constant"],
      "settings": {
        "fontStyle": "italic",
        "foreground": "#f29e74"
      }
    },
    {
      "name": "Library class/type",
      "scope": ["support.type", "support.class", "source.go storage.type"],
      "settings": {
        "foreground": "#78a9ff"
      }
    },
    {
      "name": "Decorators/annotation",
      "scope": [
        "meta.decorator variable.other",
        "meta.decorator punctuation.decorator",
        "storage.type.annotation"
      ],
      "settings": {
        "foreground": "#ffe6b3"
      }
    },
    {
      "name": "Invalid",
      "scope": ["invalid"],
      "settings": {
        "foreground": "#ff3333"
      }
    },
    {
      "name": "diff.header",
      "scope": ["meta.diff", "meta.diff.header"],
      "settings": {
        "foreground": "#c594c5"
      }
    },
    {
      "name": "Ruby class methods",
      "scope": ["source.ruby variable.other.readwrite"],
      "settings": {
        "foreground": "#9ef0f0"
      }
    },
    {
      "name": "CSS tag names",
      "scope": [
        "source.css entity.name.tag",
        "source.sass entity.name.tag",
        "source.scss entity.name.tag",
        "source.less entity.name.tag",
        "source.stylus entity.name.tag"
      ],
      "settings": {
        "foreground": "#73d0ff"
      }
    },
    {
      "name": "CSS browser prefix",
      "scope": [
        "source.css support.type",
        "source.sass support.type",
        "source.scss support.type",
        "source.less support.type",
        "source.stylus support.type"
      ],
      "settings": {
        "foreground": "#5c6773"
      }
    },
    {
      "name": "CSS Properties",
      "scope": ["support.type.property-name"],
      "settings": {
        "foreground": "#78a9ff"
      }
    },
    {
      "name": "Search Results Nums",
      "scope": ["constant.numeric.line-number.find-in-files - match"],
      "settings": {
        "foreground": "#5c6773"
      }
    },
    {
      "name": "Search Results Match Nums",
      "scope": ["constant.numeric.line-number.match"],
      "settings": {
        "foreground": "#be95ff"
      }
    },
    {
      "name": "Search Results Lines",
      "scope": ["entity.name.filename.find-in-files"],
      "settings": {
        "foreground": "#be95ff"
      }
    },
    {
      "scope": ["message.error"],
      "settings": {
        "foreground": "#ff3333"
      }
    },
    {
      "name": "Markup heading",
      "scope": ["markup.heading", "markup.heading entity.name"],
      "settings": {
        "fontStyle": "bold",
        "foreground": "#be95ff"
      }
    },
    {
      "name": "Markup links",
      "scope": ["markup.underline.link", "string.other.link"],
      "settings": {
        "foreground": "#78a9ff"
      }
    },
    {
      "name": "Markup Italic",
      "scope": ["markup.italic"],
      "settings": {
        "fontStyle": "italic",
        "foreground": "#f28779"
      }
    },
    {
      "name": "Markup Bold",
      "scope": ["markup.bold"],
      "settings": {
        "fontStyle": "bold",
        "foreground": "#f28779"
      }
    },
    {
      "name": "Markup Bold/italic",
      "scope": ["markup.italic markup.bold", "markup.bold markup.italic"],
      "settings": {
        "fontStyle": "bold italic"
      }
    },
    {
      "name": "Markup Code",
      "scope": ["markup.raw"],
      "settings": {
        "background": "#cbccc605"
      }
    },
    {
      "name": "Markup Code Inline",
      "scope": ["markup.raw.inline"],
      "settings": {
        "background": "#cbccc60f"
      }
    },
    {
      "name": "Markdown Separator",
      "scope": ["meta.separator"],
      "settings": {
        "fontStyle": "bold",
        "background": "#cbccc60f",
        "foreground": "#5c6773"
      }
    },
    {
      "name": "Markup Blockquote",
      "scope": ["markup.quote"],
      "settings": {
        "foreground": "#95e6cb",
        "fontStyle": "italic"
      }
    },
    {
      "name": "Markup List Bullet",
      "scope": ["markup.list punctuation.definition.list.begin"],
      "settings": {
        "foreground": "#9ef0f0"
      }
    },
    {
      "name": "Markup added",
      "scope": ["markup.inserted"],
      "settings": {
        "foreground": "#a6cc70"
      }
    },
    {
      "name": "Markup modified",
      "scope": ["markup.changed"],
      "settings": {
        "foreground": "#77a8d9"
      }
    },
    {
      "name": "Markup removed",
      "scope": ["markup.deleted"],
      "settings": {
        "foreground": "#f27983"
      }
    },
    {
      "name": "Markup Strike",
      "scope": ["markup.strike"],
      "settings": {
        "foreground": "#ffe6b3"
      }
    },
    {
      "name": "Markup Table",
      "scope": ["markup.table"],
      "settings": {
        "background": "#cbccc60f",
        "foreground": "#78a9ff"
      }
    },
    {
      "name": "Markup Raw Inline",
      "scope": ["text.html.markdown markup.inline.raw"],
      "settings": {
        "foreground": "#f29e74"
      }
    },
    {
      "name": "Markdown - Line Break",
      "scope": ["text.html.markdown meta.dummy.line-break"],
      "settings": {
        "background": "#5c6773",
        "foreground": "#5c6773"
      }
    },
    {
      "name": "Markdown - Raw Block Fenced",
      "scope": ["punctuation.definition.markdown"],
      "settings": {
        "background": "#cbccc6",
        "foreground": "#5c6773"
      }
    }
  ]
}